compound_name,filename,nM,hour,fraction,ee_percent,rsd_of_ee_percent,r2,lod_n_m,final_nM,LOD,cxc_final_nM
"Glycine betaine 0(15N), 0(13C)",230831_Std_4uMStdsMix1InH2O_1,1.724917414579055,NA,HILIC positive,100,20.6,0.969,0.38,172.49174145790548,0.010634719456941786,TRUE
"Glycine betaine 0(15N), 0(13C)",230831_Std_4uMStdsMix1InH2O_2,1.2339021287638636,NA,HILIC positive,100,20.6,0.969,0.38,123.39021287638636,0.010634719456941786,TRUE
"Glycine betaine 0(15N), 0(13C)",230831_Std_4uMStdsMix1InH2O_3,14.271136077214022,NA,HILIC positive,100,20.6,0.969,0.38,1427.113607721402,0.010634719456941786,TRUE
"Glycine betaine 0(15N), 0(13C)",230831_Std_4uMStdsMix1InMatrix_1,0.03109453421159896,NA,HILIC positive,100,20.6,0.969,0.38,3.109453421159896,0.010634719456941786,TRUE
"Glycine betaine 0(15N), 0(13C)",230831_Std_4uMStdsMix1InMatrix_2,0.1105117493666898,NA,HILIC positive,100,20.6,0.969,0.38,11.05117493666898,0.010634719456941786,TRUE
"Glycine betaine 0(15N), 0(13C)",230831_Std_4uMStdsMix1InMatrix_3,0.05725891526928147,NA,HILIC positive,100,20.6,0.969,0.38,5.725891526928147,0.010634719456941786,TRUE
"Glycine betaine 0(15N), 0(13C)",230831_Std_4uMStdsMix2InH2O_1,638498.2242114453,NA,HILIC positive,100,20.6,0.969,0.38,63849822.42114453,0.010634719456941786,TRUE
"Glycine betaine 0(15N), 0(13C)",230831_Std_4uMStdsMix2InH2O_2,662917.2849839618,NA,HILIC positive,100,20.6,0.969,0.38,66291728.49839619,0.010634719456941786,TRUE
"Glycine betaine 0(15N), 0(13C)",230831_Std_4uMStdsMix2InH2O_3,234237.90688851933,NA,HILIC positive,100,20.6,0.969,0.38,23423790.688851934,0.010634719456941786,TRUE
"Glycine betaine 0(15N), 0(13C)",230831_Std_4uMStdsMix2InMatrix_1,70.62540412471216,NA,HILIC positive,100,20.6,0.969,0.38,7062.540412471216,0.010634719456941786,TRUE
"Glycine betaine 0(15N), 0(13C)",230831_Std_4uMStdsMix2InMatrix_2,0.1006253469802291,NA,HILIC positive,100,20.6,0.969,0.38,10.06253469802291,0.010634719456941786,TRUE
"Glycine betaine 0(15N), 0(13C)",230831_Std_4uMStdsMix2InMatrix_3,93.66121239699882,NA,HILIC positive,100,20.6,0.969,0.38,9366.121239699882,0.010634719456941786,TRUE
"Glycine betaine 0(15N), 0(13C)",230831_Std_H2OinMatrix_1,0.04449091599706589,NA,HILIC positive,100,20.6,0.969,0.38,4.4490915997065885,0.010634719456941786,TRUE
"Glycine betaine 0(15N), 0(13C)",230831_Std_H2OinMatrix_2,0.1163719330659596,NA,HILIC positive,100,20.6,0.969,0.38,11.63719330659596,0.010634719456941786,TRUE
"Glycine betaine 0(15N), 0(13C)",230831_Std_H2OinMatrix_3,0.09767477580214064,NA,HILIC positive,100,20.6,0.969,0.38,9.767477580214063,0.010634719456941786,TRUE
"Glycine betaine 0(15N), 0(13C)",230831_Poo_G5_NFEX-CatEx_Full1,0.04441177713231772,NA,HILIC positive,100,20.6,0.969,0.38,4.441177713231772,0.010634719456941786,TRUE
"Glycine betaine 0(15N), 0(13C)",230831_Poo_G5_NFEX-CatEx_Full2,0.05400091729602606,NA,HILIC positive,100,20.6,0.969,0.38,5.400091729602606,0.010634719456941786,TRUE
"Glycine betaine 0(15N), 0(13C)",230831_Poo_G5_NFEX-CatEx_Full3,0.05605157375083772,NA,HILIC positive,100,20.6,0.969,0.38,5.605157375083772,0.010634719456941786,TRUE
"Glycine betaine 0(15N), 0(13C)",230831_Poo_G5_NFEX-CatEx_Full4,0.18729627729028084,NA,HILIC positive,100,20.6,0.969,0.38,18.729627729028085,0.010634719456941786,TRUE
"Glycine betaine 0(15N), 0(13C)",230831_Poo_G5_NFEX-CatEx_Full5,3.391913417580482,NA,HILIC positive,100,20.6,0.969,0.38,339.19134175804817,0.010634719456941786,TRUE
"Glycine betaine 0(15N), 0(13C)",230831_Poo_G5_NFEX-CatEx_Full6,0.26198119732004466,NA,HILIC positive,100,20.6,0.969,0.38,26.198119732004464,0.010634719456941786,TRUE
"Glycine betaine 0(15N), 0(13C)",230831_Poo_G5_NFEX-CatEx_Full7,0.11245417726565332,NA,HILIC positive,100,20.6,0.969,0.38,11.245417726565332,0.010634719456941786,TRUE
"Glycine betaine 0(15N), 0(13C)",230831_Poo_G5_NFEX-CatEx_Full8,0.10500274749402082,NA,HILIC positive,100,20.6,0.969,0.38,10.500274749402081,0.010634719456941786,TRUE
"Glycine betaine 0(15N), 0(13C)",230831_Poo_G5_NFEX-CatEx_Full9,0.21119086761001413,NA,HILIC positive,100,20.6,0.969,0.38,21.119086761001412,0.010634719456941786,TRUE
"Glycine betaine 0(15N), 0(13C)",230831_Poo_G5_NFEX-CatEx_Full10,0.1807073406817574,NA,HILIC positive,100,20.6,0.969,0.38,18.07073406817574,0.010634719456941786,TRUE
"Glycine betaine 0(15N), 0(13C)",230831_Poo_G5_NFEX-CatEx_Full11,0.13408643918044813,NA,HILIC positive,100,20.6,0.969,0.38,13.408643918044813,0.010634719456941786,TRUE
"Glycine betaine 0(15N), 0(13C)",230831_Smp_G5_NFEX_T0_Metab_A,0.01883670767196015,T0,HILIC positive,100,20.6,0.969,0.38,1.883670767196015,0.010634719456941786,TRUE
"Glycine betaine 0(15N), 0(13C)",230831_Smp_G5_NFEX_T0_Metab_B,0.06375350026484103,T0,HILIC positive,100,20.6,0.969,0.38,6.375350026484103,0.010634719456941786,TRUE
"Glycine betaine 0(15N), 0(13C)",230831_Smp_G5_NFEX_T0_Metab_C,0.0509057599859445,T0,HILIC positive,100,20.6,0.969,0.38,5.09057599859445,0.010634719456941786,TRUE
"Glycine betaine 0(15N), 0(13C)",230831_Smp_G5_NFEX_T6_NH4_Metab_A,0.00931795839143529,T6,HILIC positive,100,20.6,0.969,0.38,0.931795839143529,0.010634719456941786,TRUE
"Glycine betaine 0(15N), 0(13C)",230831_Smp_G5_NFEX_T6_NH4_Metab_B,0.2897346692890734,T6,HILIC positive,100,20.6,0.969,0.38,28.97346692890734,0.010634719456941786,TRUE
"Glycine betaine 0(15N), 0(13C)",230831_Smp_G5_NFEX_T6_NH4_Metab_C,0.12488114224282756,T6,HILIC positive,100,20.6,0.969,0.38,12.488114224282757,0.010634719456941786,TRUE
"Glycine betaine 0(15N), 0(13C)",230831_Smp_G5_NFEX_T6_NO3_Metab_A,5.472024844395905,T6,HILIC positive,100,20.6,0.969,0.38,547.2024844395905,0.010634719456941786,TRUE
"Glycine betaine 0(15N), 0(13C)",230831_Smp_G5_NFEX_T6_NO3_Metab_B,0.01053290778190898,T6,HILIC positive,100,20.6,0.969,0.38,1.053290778190898,0.010634719456941786,TRUE
"Glycine betaine 0(15N), 0(13C)",230831_Smp_G5_NFEX_T6_NO3_Metab_C,0.27646283498984775,T6,HILIC positive,100,20.6,0.969,0.38,27.646283498984776,0.010634719456941786,TRUE
"Glycine betaine 0(15N), 0(13C)",230831_Smp_G5_NFEX_T6_Urea_Metab_A,0.04762468533295837,T6,HILIC positive,100,20.6,0.969,0.38,4.762468533295837,0.010634719456941786,TRUE
"Glycine betaine 0(15N), 0(13C)",230831_Smp_G5_NFEX_T6_Urea_Metab_B,4.381760653906333,T6,HILIC positive,100,20.6,0.969,0.38,438.1760653906333,0.010634719456941786,TRUE
"Glycine betaine 0(15N), 0(13C)",230831_Smp_G5_NFEX_T6_Urea_Metab_C,0.09722695342942995,T6,HILIC positive,100,20.6,0.969,0.38,9.722695342942995,0.010634719456941786,TRUE
"Glycine betaine 0(15N), 0(13C)",230831_Smp_G5_NFEX_T12_NH4_Metab_A,0.02940603545153337,T12,HILIC positive,100,20.6,0.969,0.38,2.940603545153337,0.010634719456941786,TRUE
"Glycine betaine 0(15N), 0(13C)",230831_Smp_G5_NFEX_T12_NH4_Metab_B,0.01167599427738782,T12,HILIC positive,100,20.6,0.969,0.38,1.167599427738782,0.010634719456941786,TRUE
"Glycine betaine 0(15N), 0(13C)",230831_Smp_G5_NFEX_T12_NH4_Metab_C,2.2020318590246366,T12,HILIC positive,100,20.6,0.969,0.38,220.20318590246367,0.010634719456941786,TRUE
"Glycine betaine 0(15N), 0(13C)",230831_Smp_G5_NFEX_T12_NO3_Metab_A,0.14334315683222054,T12,HILIC positive,100,20.6,0.969,0.38,14.334315683222055,0.010634719456941786,TRUE
"Glycine betaine 0(15N), 0(13C)",230831_Smp_G5_NFEX_T12_NO3_Metab_B,0.0409637979861225,T12,HILIC positive,100,20.6,0.969,0.38,4.09637979861225,0.010634719456941786,TRUE
"Glycine betaine 0(15N), 0(13C)",230831_Smp_G5_NFEX_T12_NO3_Metab_C,0.25678667396034155,T12,HILIC positive,100,20.6,0.969,0.38,25.678667396034154,0.010634719456941786,TRUE
"Glycine betaine 0(15N), 0(13C)",230831_Smp_G5_NFEX_T12_Urea_Metab_A,0.04692376651002845,T12,HILIC positive,100,20.6,0.969,0.38,4.692376651002845,0.010634719456941786,TRUE
"Glycine betaine 0(15N), 0(13C)",230831_Smp_G5_NFEX_T12_Urea_Metab_B,0.13920841649705276,T12,HILIC positive,100,20.6,0.969,0.38,13.920841649705276,0.010634719456941786,TRUE
"Glycine betaine 0(15N), 0(13C)",230831_Smp_G5_NFEX_T12_Urea_Metab_C,0.06591666605968483,T12,HILIC positive,100,20.6,0.969,0.38,6.5916666059684825,0.010634719456941786,TRUE
"Glycine betaine 0(15N), 0(13C)",230831_Smp_G5_NFEX_T24_NH4_Metab_A,0.13545143184550573,T24,HILIC positive,100,20.6,0.969,0.38,13.545143184550573,0.010634719456941786,TRUE
"Glycine betaine 0(15N), 0(13C)",230831_Smp_G5_NFEX_T24_NH4_Metab_B,0.1123001481078608,T24,HILIC positive,100,20.6,0.969,0.38,11.23001481078608,0.010634719456941786,TRUE
"Glycine betaine 0(15N), 0(13C)",230831_Smp_G5_NFEX_T24_NH4_Metab_C,0.09321210221549256,T24,HILIC positive,100,20.6,0.969,0.38,9.321210221549256,0.010634719456941786,TRUE
"Glycine betaine 0(15N), 0(13C)",230831_Smp_G5_NFEX_T24_NO3_Metab_A,0.019042585271377,T24,HILIC positive,100,20.6,0.969,0.38,1.9042585271377002,0.010634719456941786,TRUE
"Glycine betaine 0(15N), 0(13C)",230831_Smp_G5_NFEX_T24_NO3_Metab_B,0.00135390679423012,T24,HILIC positive,100,20.6,0.969,0.38,0.135390679423012,0.010634719456941786,TRUE
"Glycine betaine 0(15N), 0(13C)",230831_Smp_G5_NFEX_T24_NO3_Metab_C,0.00786588080756394,T24,HILIC positive,100,20.6,0.969,0.38,0.786588080756394,0.010634719456941786,TRUE
"Glycine betaine 0(15N), 0(13C)",230831_Smp_G5_NFEX_T24_Urea_Metab_A,0.08394110121000016,T24,HILIC positive,100,20.6,0.969,0.38,8.394110121000017,0.010634719456941786,TRUE
"Glycine betaine 0(15N), 0(13C)",230831_Smp_G5_NFEX_T24_Urea_Metab_B,0.10922694983758303,T24,HILIC positive,100,20.6,0.969,0.38,10.922694983758303,0.010634719456941786,TRUE
"Glycine betaine 0(15N), 0(13C)",230831_Smp_G5_NFEX_T24_Urea_Metab_C,0.9276157940591392,T24,HILIC positive,100,20.6,0.969,0.38,92.76157940591392,0.010634719456941786,TRUE
"Glycine betaine 0(15N), 0(13C)",230831_Smp_G5_NFEX_T24_Urea_Metab_C_2ndInj,4.510348385362324,T24,HILIC positive,100,20.6,0.969,0.38,451.03483853623237,0.010634719456941786,TRUE
"Glycine betaine 0(15N), 0(13C)",230831_Smp_LabBlk_1_A,0.3307847313039077,NA,HILIC positive,100,20.6,0.969,0.38,33.07847313039077,0.010634719456941786,TRUE
"Glycine betaine 0(15N), 0(13C)",230831_Smp_LabBlk_1_B,0.14395319177284405,NA,HILIC positive,100,20.6,0.969,0.38,14.395319177284405,0.010634719456941786,TRUE
"Glycine betaine 0(15N), 0(13C)",230831_Smp_LabBlk_1_C,0.8978404309452155,NA,HILIC positive,100,20.6,0.969,0.38,89.78404309452155,0.010634719456941786,TRUE
"Glycine betaine 0(15N), 0(13C)",230831_Smp_LabBlk_1_C_2ndInj,2.6949521241507948,NA,HILIC positive,100,20.6,0.969,0.38,269.4952124150795,0.010634719456941786,TRUE
"Glycine betaine 0(15N), 0(13C)",230831_Smp_LabBlk_2_A,0.9249974595385112,NA,HILIC positive,100,20.6,0.969,0.38,92.49974595385112,0.010634719456941786,TRUE
"Glycine betaine 0(15N), 0(13C)",230831_Smp_LabBlk_2_B,1.026152977242046,NA,HILIC positive,100,20.6,0.969,0.38,102.6152977242046,0.010634719456941786,TRUE
"Glycine betaine 0(15N), 0(13C)",230831_Smp_LabBlk_2_C,1.8846929554544556,NA,HILIC positive,100,20.6,0.969,0.38,188.46929554544556,0.010634719456941786,TRUE
"Glycine betaine 0(15N), 0(13C)",230831_Smp_LabBlk_3_A,1.906340923081096,NA,HILIC positive,100,20.6,0.969,0.38,190.6340923081096,0.010634719456941786,TRUE
"Glycine betaine 0(15N), 0(13C)",230831_Smp_LabBlk_3_B,0.15140647504843843,NA,HILIC positive,100,20.6,0.969,0.38,15.140647504843843,0.010634719456941786,TRUE
"Glycine betaine 0(15N), 0(13C)",230831_Smp_LabBlk_3_C,0.11099354602369076,NA,HILIC positive,100,20.6,0.969,0.38,11.099354602369075,0.010634719456941786,TRUE
"Glycine betaine 0(15N), 0(13C)",230831_Smp_LabBlk_4_A,0.14033491771489037,NA,HILIC positive,100,20.6,0.969,0.38,14.033491771489038,0.010634719456941786,TRUE
"Glycine betaine 0(15N), 0(13C)",230831_Smp_LabBlk_4_B,0.09481650035878796,NA,HILIC positive,100,20.6,0.969,0.38,9.481650035878795,0.010634719456941786,TRUE
"Glycine betaine 0(15N), 0(13C)",230831_Smp_LabBlk_4_C,0.4015119027503773,NA,HILIC positive,100,20.6,0.969,0.38,40.15119027503773,0.010634719456941786,TRUE
"Glycine betaine 0(15N), 0(13C)",230831_Smp_LabBlk_5_A,0.28669158611763434,NA,HILIC positive,100,20.6,0.969,0.38,28.669158611763436,0.010634719456941786,TRUE
"Glycine betaine 0(15N), 0(13C)",230831_Smp_LabBlk_5_B,0.06126908927167638,NA,HILIC positive,100,20.6,0.969,0.38,6.126908927167638,0.010634719456941786,TRUE
"Glycine betaine 0(15N), 0(13C)",230831_Smp_LabBlk_5_C,0.04890587873547086,NA,HILIC positive,100,20.6,0.969,0.38,4.890587873547085,0.010634719456941786,TRUE
"Guanine 0(15N), 0(13C)",230831_Std_4uMStdsMix1InH2O_1,20.4483422153802,NA,HILIC positive,47.1,26,0.955,0.35,963.1169183444075,0.006588090181456887,TRUE
"Guanine 0(15N), 0(13C)",230831_Std_4uMStdsMix1InH2O_2,2.22057557068561,NA,HILIC positive,47.1,26,0.955,0.35,104.58910937929224,0.006588090181456887,TRUE
"Guanine 0(15N), 0(13C)",230831_Std_4uMStdsMix1InMatrix_1,0.4451412684223391,NA,HILIC positive,47.1,26,0.955,0.35,20.96615374269217,0.006588090181456887,TRUE
"Guanine 0(15N), 0(13C)",230831_Std_4uMStdsMix1InMatrix_2,0.506227386785182,NA,HILIC positive,47.1,26,0.955,0.35,23.843309917582072,0.006588090181456887,TRUE
"Guanine 0(15N), 0(13C)",230831_Std_4uMStdsMix1InMatrix_3,9.9955600614165e-4,NA,HILIC positive,47.1,26,0.955,0.35,0.04707908788927172,0.006588090181456887,TRUE
"Guanine 0(15N), 0(13C)",230831_Std_4uMStdsMix2InH2O_1,460202.6049985424,NA,HILIC positive,47.1,26,0.955,0.35,21675542.695431348,0.006588090181456887,TRUE
"Guanine 0(15N), 0(13C)",230831_Std_4uMStdsMix2InH2O_2,480231.50475216034,NA,HILIC positive,47.1,26,0.955,0.35,22618903.873826753,0.006588090181456887,TRUE
"Guanine 0(15N), 0(13C)",230831_Std_4uMStdsMix2InH2O_3,155306.14846762738,NA,HILIC positive,47.1,26,0.955,0.35,7314919.59282525,0.006588090181456887,TRUE
"Guanine 0(15N), 0(13C)",230831_Std_4uMStdsMix2InMatrix_1,47.21509012492814,NA,HILIC positive,47.1,26,0.955,0.35,2223.8307448841156,0.006588090181456887,TRUE
"Guanine 0(15N), 0(13C)",230831_Std_4uMStdsMix2InMatrix_2,62.79876903212838,NA,HILIC positive,47.1,26,0.955,0.35,2957.8220214132466,0.006588090181456887,TRUE
"Guanine 0(15N), 0(13C)",230831_Std_4uMStdsMix2InMatrix_3,58.48383230931944,NA,HILIC positive,47.1,26,0.955,0.35,2754.5885017689457,0.006588090181456887,TRUE
"Guanine 0(15N), 0(13C)",230831_Std_H2OinMatrix_1,0.3283826732907344,NA,HILIC positive,47.1,26,0.955,0.35,15.46682391199359,0.006588090181456887,TRUE
"Guanine 0(15N), 0(13C)",230831_Std_H2OinMatrix_2,0.28257665607363586,NA,HILIC positive,47.1,26,0.955,0.35,13.30936050106825,0.006588090181456887,TRUE
"Guanine 0(15N), 0(13C)",230831_Std_H2OinMatrix_3,0.3139927631357077,NA,HILIC positive,47.1,26,0.955,0.35,14.789059143691832,0.006588090181456887,TRUE
"Guanine 0(15N), 0(13C)",230831_Poo_G5_NFEX-CatEx_Full1,0.2965570938349172,NA,HILIC positive,47.1,26,0.955,0.35,13.9678391196246,0.006588090181456887,TRUE
"Guanine 0(15N), 0(13C)",230831_Poo_G5_NFEX-CatEx_Full2,0.28236077924009223,NA,HILIC positive,47.1,26,0.955,0.35,13.299192702208344,0.006588090181456887,TRUE
"Guanine 0(15N), 0(13C)",230831_Poo_G5_NFEX-CatEx_Full3,8.306506199272199e-4,NA,HILIC positive,47.1,26,0.955,0.35,0.039123644198572054,0.006588090181456887,TRUE
"Guanine 0(15N), 0(13C)",230831_Poo_G5_NFEX-CatEx_Full4,0.26954254837388103,NA,HILIC positive,47.1,26,0.955,0.35,12.695454028409797,0.006588090181456887,TRUE
"Guanine 0(15N), 0(13C)",230831_Poo_G5_NFEX-CatEx_Full5,0.2949730377819709,NA,HILIC positive,47.1,26,0.955,0.35,13.89323007953083,0.006588090181456887,TRUE
"Guanine 0(15N), 0(13C)",230831_Poo_G5_NFEX-CatEx_Full6,0.25151823072914503,NA,HILIC positive,47.1,26,0.955,0.35,11.846508667342732,0.006588090181456887,TRUE
"Guanine 0(15N), 0(13C)",230831_Poo_G5_NFEX-CatEx_Full7,0.2473667843296062,NA,HILIC positive,47.1,26,0.955,0.35,11.650975541924453,0.006588090181456887,TRUE
"Guanine 0(15N), 0(13C)",230831_Poo_G5_NFEX-CatEx_Full8,0.264379025898964,NA,HILIC positive,47.1,26,0.955,0.35,12.452252119841205,0.006588090181456887,TRUE
"Guanine 0(15N), 0(13C)",230831_Poo_G5_NFEX-CatEx_Full9,0.2881460745337786,NA,HILIC positive,47.1,26,0.955,0.35,13.571680110540973,0.006588090181456887,TRUE
"Guanine 0(15N), 0(13C)",230831_Poo_G5_NFEX-CatEx_Full10,0.2820194315704048,NA,HILIC positive,47.1,26,0.955,0.35,13.283115226966068,0.006588090181456887,TRUE
"Guanine 0(15N), 0(13C)",230831_Poo_G5_NFEX-CatEx_Full11,0.3131420073907586,NA,HILIC positive,47.1,26,0.955,0.35,14.74898854810473,0.006588090181456887,TRUE
"Guanine 0(15N), 0(13C)",230831_Smp_G5_NFEX_T0_Metab_A,5.354228508945171e-4,T0,HILIC positive,47.1,26,0.955,0.35,0.025218416277131755,0.006588090181456887,TRUE
"Guanine 0(15N), 0(13C)",230831_Smp_G5_NFEX_T0_Metab_B,0.092525838171909,T0,HILIC positive,47.1,26,0.955,0.35,4.357966977896914,0.006588090181456887,TRUE
"Guanine 0(15N), 0(13C)",230831_Smp_G5_NFEX_T0_Metab_C,0.13884311003230648,T0,HILIC positive,47.1,26,0.955,0.35,6.539510482521636,0.006588090181456887,TRUE
"Guanine 0(15N), 0(13C)",230831_Smp_G5_NFEX_T6_NH4_Metab_A,0.11866892414929613,T6,HILIC positive,47.1,26,0.955,0.35,5.5893063274318475,0.006588090181456887,TRUE
"Guanine 0(15N), 0(13C)",230831_Smp_G5_NFEX_T6_NH4_Metab_B,0.07015111218485394,T6,HILIC positive,47.1,26,0.955,0.35,3.3041173839066205,0.006588090181456887,TRUE
"Guanine 0(15N), 0(13C)",230831_Smp_G5_NFEX_T6_NH4_Metab_C,0.10644510861221196,T6,HILIC positive,47.1,26,0.955,0.35,5.013564615635183,0.006588090181456887,TRUE
"Guanine 0(15N), 0(13C)",230831_Smp_G5_NFEX_T6_NO3_Metab_A,0.13046110801041136,T6,HILIC positive,47.1,26,0.955,0.35,6.144718187290375,0.006588090181456887,TRUE
"Guanine 0(15N), 0(13C)",230831_Smp_G5_NFEX_T6_NO3_Metab_B,0.07637442150924437,T6,HILIC positive,47.1,26,0.955,0.35,3.59723525308541,0.006588090181456887,TRUE
"Guanine 0(15N), 0(13C)",230831_Smp_G5_NFEX_T6_NO3_Metab_C,0.1012547091111552,T6,HILIC positive,47.1,26,0.955,0.35,4.76909679913541,0.006588090181456887,TRUE
"Guanine 0(15N), 0(13C)",230831_Smp_G5_NFEX_T6_Urea_Metab_A,0.08325000378057126,T6,HILIC positive,47.1,26,0.955,0.35,3.9210751780649065,0.006588090181456887,TRUE
"Guanine 0(15N), 0(13C)",230831_Smp_G5_NFEX_T6_Urea_Metab_B,0.08857613171831125,T6,HILIC positive,47.1,26,0.955,0.35,4.17193580393246,0.006588090181456887,TRUE
"Guanine 0(15N), 0(13C)",230831_Smp_G5_NFEX_T6_Urea_Metab_C,0.08562751495046388,T6,HILIC positive,47.1,26,0.955,0.35,4.033055954166849,0.006588090181456887,TRUE
"Guanine 0(15N), 0(13C)",230831_Smp_G5_NFEX_T12_NH4_Metab_A,0.15446569466699722,T12,HILIC positive,47.1,26,0.955,0.35,7.275334218815569,0.006588090181456887,TRUE
"Guanine 0(15N), 0(13C)",230831_Smp_G5_NFEX_T12_NH4_Metab_B,0.4090441775576763,T12,HILIC positive,47.1,26,0.955,0.35,19.265980762966553,0.006588090181456887,TRUE
"Guanine 0(15N), 0(13C)",230831_Smp_G5_NFEX_T12_NH4_Metab_C,9.125083545089815e-4,T12,HILIC positive,47.1,26,0.955,0.35,0.04297914349737303,0.006588090181456887,TRUE
"Guanine 0(15N), 0(13C)",230831_Smp_G5_NFEX_T12_NO3_Metab_A,0.00134519190749015,T12,HILIC positive,47.1,26,0.955,0.35,0.06335853884278607,0.006588090181456887,TRUE
"Guanine 0(15N), 0(13C)",230831_Smp_G5_NFEX_T12_NO3_Metab_B,0.08933521684706712,T12,HILIC positive,47.1,26,0.955,0.35,4.207688713496862,0.006588090181456887,TRUE
"Guanine 0(15N), 0(13C)",230831_Smp_G5_NFEX_T12_NO3_Metab_C,0.14388520096241028,T12,HILIC positive,47.1,26,0.955,0.35,6.776992965329525,0.006588090181456887,TRUE
"Guanine 0(15N), 0(13C)",230831_Smp_G5_NFEX_T12_Urea_Metab_A,0.16083411624342148,T12,HILIC positive,47.1,26,0.955,0.35,7.575286875065152,0.006588090181456887,TRUE
"Guanine 0(15N), 0(13C)",230831_Smp_G5_NFEX_T12_Urea_Metab_B,0.08690687961259443,T12,HILIC positive,47.1,26,0.955,0.35,4.093314029753198,0.006588090181456887,TRUE
"Guanine 0(15N), 0(13C)",230831_Smp_G5_NFEX_T12_Urea_Metab_C,0.07348027071290587,T12,HILIC positive,47.1,26,0.955,0.35,3.4609207505778667,0.006588090181456887,TRUE
"Guanine 0(15N), 0(13C)",230831_Smp_G5_NFEX_T24_NH4_Metab_A,6.218699748997005e-4,T24,HILIC positive,47.1,26,0.955,0.35,0.029290075817775894,0.006588090181456887,TRUE
"Guanine 0(15N), 0(13C)",230831_Smp_G5_NFEX_T24_NH4_Metab_B,0.11582194660124227,T24,HILIC positive,47.1,26,0.955,0.35,5.455213684918511,0.006588090181456887,TRUE
"Guanine 0(15N), 0(13C)",230831_Smp_G5_NFEX_T24_NH4_Metab_C,0.08207514213034632,T24,HILIC positive,47.1,26,0.955,0.35,3.865739194339312,0.006588090181456887,TRUE
"Guanine 0(15N), 0(13C)",230831_Smp_G5_NFEX_T24_NO3_Metab_A,0.1402195539570585,T24,HILIC positive,47.1,26,0.955,0.35,6.604340991377456,0.006588090181456887,TRUE
"Guanine 0(15N), 0(13C)",230831_Smp_G5_NFEX_T24_NO3_Metab_B,1.2787511627231152,T24,HILIC positive,47.1,26,0.955,0.35,60.229179764258724,0.006588090181456887,TRUE
"Guanine 0(15N), 0(13C)",230831_Smp_G5_NFEX_T24_NO3_Metab_C,0.1002049351788091,T24,HILIC positive,47.1,26,0.955,0.35,4.719652446921909,0.006588090181456887,TRUE
"Guanine 0(15N), 0(13C)",230831_Smp_G5_NFEX_T24_Urea_Metab_A,0.08405661694452948,T24,HILIC positive,47.1,26,0.955,0.35,3.959066658087339,0.006588090181456887,TRUE
"Guanine 0(15N), 0(13C)",230831_Smp_G5_NFEX_T24_Urea_Metab_B,0.0783301397702141,T24,HILIC positive,47.1,26,0.955,0.35,3.689349583177084,0.006588090181456887,TRUE
"Guanine 0(15N), 0(13C)",230831_Smp_G5_NFEX_T24_Urea_Metab_C,0.00363746601683578,T24,HILIC positive,47.1,26,0.955,0.35,0.17132464939296524,0.006588090181456887,TRUE
"Guanine 0(15N), 0(13C)",230831_Smp_G5_NFEX_T24_Urea_Metab_C_2ndInj,0.19015306373768984,T24,HILIC positive,47.1,26,0.955,0.35,8.956209302045192,0.006588090181456887,TRUE
"Guanine 0(15N), 0(13C)",230831_Smp_LabBlk_1_A,1.3739041944935984,NA,HILIC positive,47.1,26,0.955,0.35,64.71088756064849,0.006588090181456887,TRUE
"Guanine 0(15N), 0(13C)",230831_Smp_LabBlk_1_B,6.438637020813242e-4,NA,HILIC positive,47.1,26,0.955,0.35,0.030325980368030372,0.006588090181456887,TRUE
"Guanine 0(15N), 0(13C)",230831_Smp_LabBlk_1_C,0.0965859039057208,NA,HILIC positive,47.1,26,0.955,0.35,4.54919607395945,0.006588090181456887,TRUE
"Guanine 0(15N), 0(13C)",230831_Smp_LabBlk_1_C_2ndInj,0.00258303501845943,NA,HILIC positive,47.1,26,0.955,0.35,0.12166094936943916,0.006588090181456887,TRUE
"Guanine 0(15N), 0(13C)",230831_Smp_LabBlk_2_A,0.00123243510025542,NA,HILIC positive,47.1,26,0.955,0.35,0.05804769322203028,0.006588090181456887,TRUE
"Guanine 0(15N), 0(13C)",230831_Smp_LabBlk_2_B,0.1882341788096568,NA,HILIC positive,47.1,26,0.955,0.35,8.865829821934835,0.006588090181456887,TRUE
"Guanine 0(15N), 0(13C)",230831_Smp_LabBlk_2_C,0.2812971857537306,NA,HILIC positive,47.1,26,0.955,0.35,13.249097449000711,0.006588090181456887,TRUE
"Guanine 0(15N), 0(13C)",230831_Smp_LabBlk_3_A,0.10062205802747635,NA,HILIC positive,47.1,26,0.955,0.35,4.739298933094137,0.006588090181456887,TRUE
"Guanine 0(15N), 0(13C)",230831_Smp_LabBlk_3_B,0.1163848367887239,NA,HILIC positive,47.1,26,0.955,0.35,5.481725812748896,0.006588090181456887,TRUE
"Guanine 0(15N), 0(13C)",230831_Smp_LabBlk_3_C,0.09408537015444496,NA,HILIC positive,47.1,26,0.955,0.35,4.431420934274358,0.006588090181456887,TRUE
"Guanine 0(15N), 0(13C)",230831_Smp_LabBlk_4_A,0.08695016677351898,NA,HILIC positive,47.1,26,0.955,0.35,4.095352855032744,0.006588090181456887,TRUE
"Guanine 0(15N), 0(13C)",230831_Smp_LabBlk_4_B,0.06198859285883673,NA,HILIC positive,47.1,26,0.955,0.35,2.9196627236512103,0.006588090181456887,TRUE
"Guanine 0(15N), 0(13C)",230831_Smp_LabBlk_4_C,0.05605268390344487,NA,HILIC positive,47.1,26,0.955,0.35,2.6400814118522535,0.006588090181456887,TRUE
"Guanine 0(15N), 0(13C)",230831_Smp_LabBlk_5_A,0.03676322796732993,NA,HILIC positive,47.1,26,0.955,0.35,1.7315480372612395,0.006588090181456887,TRUE
"Guanine 0(15N), 0(13C)",230831_Smp_LabBlk_5_B,0.0492210076173597,NA,HILIC positive,47.1,26,0.955,0.35,2.318309458777642,0.006588090181456887,TRUE
"Guanine 0(15N), 0(13C)",230831_Smp_LabBlk_5_C,3.152157414461693e-4,NA,HILIC positive,47.1,26,0.955,0.35,0.014846661422114575,0.006588090181456887,TRUE
"Homarine 0(15N, 0(13C)",230831_Std_4uMStdsMix1InH2O_1,0.02536661435535923,NA,HILIC positive,50,15.2,0.995,0.15,1.2683307177679615,5.5048846435416e-5,TRUE
"Homarine 0(15N, 0(13C)",230831_Std_4uMStdsMix1InH2O_2,0.04060299405559563,NA,HILIC positive,50,15.2,0.995,0.15,2.0301497027797812,5.5048846435416e-5,TRUE
"Homarine 0(15N, 0(13C)",230831_Std_4uMStdsMix1InMatrix_1,0.07272575546292019,NA,HILIC positive,50,15.2,0.995,0.15,3.6362877731460097,5.5048846435416e-5,TRUE
"Homarine 0(15N, 0(13C)",230831_Std_4uMStdsMix1InMatrix_2,0.07258957978200845,NA,HILIC positive,50,15.2,0.995,0.15,3.629478989100422,5.5048846435416e-5,TRUE
"Homarine 0(15N, 0(13C)",230831_Std_4uMStdsMix1InMatrix_3,0.07536714492838785,NA,HILIC positive,50,15.2,0.995,0.15,3.7683572464193924,5.5048846435416e-5,TRUE
"Homarine 0(15N, 0(13C)",230831_Std_4uMStdsMix2InH2O_1,485972.2980267676,NA,HILIC positive,50,15.2,0.995,0.15,24298614.90133838,5.5048846435416e-5,TRUE
"Homarine 0(15N, 0(13C)",230831_Std_4uMStdsMix2InH2O_2,483679.7943045329,NA,HILIC positive,50,15.2,0.995,0.15,24183989.715226643,5.5048846435416e-5,TRUE
"Homarine 0(15N, 0(13C)",230831_Std_4uMStdsMix2InH2O_3,168552.33959061676,NA,HILIC positive,50,15.2,0.995,0.15,8427616.979530837,5.5048846435416e-5,TRUE
"Homarine 0(15N, 0(13C)",230831_Std_4uMStdsMix2InMatrix_1,44.11654596039725,NA,HILIC positive,50,15.2,0.995,0.15,2205.827298019862,5.5048846435416e-5,TRUE
"Homarine 0(15N, 0(13C)",230831_Std_4uMStdsMix2InMatrix_2,59.53856802322287,NA,HILIC positive,50,15.2,0.995,0.15,2976.9284011611435,5.5048846435416e-5,TRUE
"Homarine 0(15N, 0(13C)",230831_Std_4uMStdsMix2InMatrix_3,64.38698823750077,NA,HILIC positive,50,15.2,0.995,0.15,3219.3494118750386,5.5048846435416e-5,TRUE
"Homarine 0(15N, 0(13C)",230831_Std_H2OinMatrix_1,0.07675761833699336,NA,HILIC positive,50,15.2,0.995,0.15,3.8378809168496684,5.5048846435416e-5,TRUE
"Homarine 0(15N, 0(13C)",230831_Std_H2OinMatrix_2,0.0789896931676904,NA,HILIC positive,50,15.2,0.995,0.15,3.9494846583845202,5.5048846435416e-5,TRUE
"Homarine 0(15N, 0(13C)",230831_Std_H2OinMatrix_3,0.07749869393033278,NA,HILIC positive,50,15.2,0.995,0.15,3.8749346965166387,5.5048846435416e-5,TRUE
"Homarine 0(15N, 0(13C)",230831_Poo_G5_NFEX-CatEx_Full1,0.06764126842707611,NA,HILIC positive,50,15.2,0.995,0.15,3.3820634213538057,5.5048846435416e-5,TRUE
"Homarine 0(15N, 0(13C)",230831_Poo_G5_NFEX-CatEx_Full2,0.07014942340918848,NA,HILIC positive,50,15.2,0.995,0.15,3.5074711704594237,5.5048846435416e-5,TRUE
"Homarine 0(15N, 0(13C)",230831_Poo_G5_NFEX-CatEx_Full3,0.06912600383199277,NA,HILIC positive,50,15.2,0.995,0.15,3.4563001915996385,5.5048846435416e-5,TRUE
"Homarine 0(15N, 0(13C)",230831_Poo_G5_NFEX-CatEx_Full4,0.06269947632498196,NA,HILIC positive,50,15.2,0.995,0.15,3.134973816249098,5.5048846435416e-5,TRUE
"Homarine 0(15N, 0(13C)",230831_Poo_G5_NFEX-CatEx_Full5,0.06535015070518448,NA,HILIC positive,50,15.2,0.995,0.15,3.2675075352592238,5.5048846435416e-5,TRUE
"Homarine 0(15N, 0(13C)",230831_Poo_G5_NFEX-CatEx_Full6,0.06833306502621107,NA,HILIC positive,50,15.2,0.995,0.15,3.416653251310554,5.5048846435416e-5,TRUE
"Homarine 0(15N, 0(13C)",230831_Poo_G5_NFEX-CatEx_Full7,0.06829668088579494,NA,HILIC positive,50,15.2,0.995,0.15,3.414834044289747,5.5048846435416e-5,TRUE
"Homarine 0(15N, 0(13C)",230831_Poo_G5_NFEX-CatEx_Full8,0.07274859648633666,NA,HILIC positive,50,15.2,0.995,0.15,3.637429824316833,5.5048846435416e-5,TRUE
"Homarine 0(15N, 0(13C)",230831_Poo_G5_NFEX-CatEx_Full9,0.0683900418091222,NA,HILIC positive,50,15.2,0.995,0.15,3.4195020904561098,5.5048846435416e-5,TRUE
"Homarine 0(15N, 0(13C)",230831_Poo_G5_NFEX-CatEx_Full10,0.06842336367054055,NA,HILIC positive,50,15.2,0.995,0.15,3.4211681835270276,5.5048846435416e-5,TRUE
"Homarine 0(15N, 0(13C)",230831_Poo_G5_NFEX-CatEx_Full11,0.06533032776680578,NA,HILIC positive,50,15.2,0.995,0.15,3.266516388340289,5.5048846435416e-5,TRUE
"Homarine 0(15N, 0(13C)",230831_Smp_G5_NFEX_T0_Metab_A,0.0663355728664094,T0,HILIC positive,50,15.2,0.995,0.15,3.31677864332047,5.5048846435416e-5,TRUE
"Homarine 0(15N, 0(13C)",230831_Smp_G5_NFEX_T0_Metab_B,0.08970349489059583,T0,HILIC positive,50,15.2,0.995,0.15,4.485174744529791,5.5048846435416e-5,TRUE
"Homarine 0(15N, 0(13C)",230831_Smp_G5_NFEX_T0_Metab_C,0.10427739127614025,T0,HILIC positive,50,15.2,0.995,0.15,5.2138695638070125,5.5048846435416e-5,TRUE
"Homarine 0(15N, 0(13C)",230831_Smp_G5_NFEX_T6_NH4_Metab_A,0.07679055435521602,T6,HILIC positive,50,15.2,0.995,0.15,3.839527717760801,5.5048846435416e-5,TRUE
"Homarine 0(15N, 0(13C)",230831_Smp_G5_NFEX_T6_NH4_Metab_B,0.07064286566346897,T6,HILIC positive,50,15.2,0.995,0.15,3.5321432831734487,5.5048846435416e-5,TRUE
"Homarine 0(15N, 0(13C)",230831_Smp_G5_NFEX_T6_NH4_Metab_C,0.1363921766388896,T6,HILIC positive,50,15.2,0.995,0.15,6.819608831944481,5.5048846435416e-5,TRUE
"Homarine 0(15N, 0(13C)",230831_Smp_G5_NFEX_T6_NO3_Metab_A,0.0752639778697838,T6,HILIC positive,50,15.2,0.995,0.15,3.76319889348919,5.5048846435416e-5,TRUE
"Homarine 0(15N, 0(13C)",230831_Smp_G5_NFEX_T6_NO3_Metab_B,0.08414367603695123,T6,HILIC positive,50,15.2,0.995,0.15,4.207183801847561,5.5048846435416e-5,TRUE
"Homarine 0(15N, 0(13C)",230831_Smp_G5_NFEX_T6_NO3_Metab_C,0.11142134787531456,T6,HILIC positive,50,15.2,0.995,0.15,5.571067393765728,5.5048846435416e-5,TRUE
"Homarine 0(15N, 0(13C)",230831_Smp_G5_NFEX_T6_Urea_Metab_A,0.06108752540719214,T6,HILIC positive,50,15.2,0.995,0.15,3.0543762703596067,5.5048846435416e-5,TRUE
"Homarine 0(15N, 0(13C)",230831_Smp_G5_NFEX_T6_Urea_Metab_B,0.06756878694976864,T6,HILIC positive,50,15.2,0.995,0.15,3.378439347488432,5.5048846435416e-5,TRUE
"Homarine 0(15N, 0(13C)",230831_Smp_G5_NFEX_T6_Urea_Metab_C,0.04584334554745755,T6,HILIC positive,50,15.2,0.995,0.15,2.2921672773728776,5.5048846435416e-5,TRUE
"Homarine 0(15N, 0(13C)",230831_Smp_G5_NFEX_T12_NH4_Metab_A,0.09580230313922244,T12,HILIC positive,50,15.2,0.995,0.15,4.7901151569611224,5.5048846435416e-5,TRUE
"Homarine 0(15N, 0(13C)",230831_Smp_G5_NFEX_T12_NH4_Metab_B,0.2606164440116406,T12,HILIC positive,50,15.2,0.995,0.15,13.03082220058203,5.5048846435416e-5,TRUE
"Homarine 0(15N, 0(13C)",230831_Smp_G5_NFEX_T12_NH4_Metab_C,0.04393229399207021,T12,HILIC positive,50,15.2,0.995,0.15,2.1966146996035105,5.5048846435416e-5,TRUE
"Homarine 0(15N, 0(13C)",230831_Smp_G5_NFEX_T12_NO3_Metab_A,0.04251749418306437,T12,HILIC positive,50,15.2,0.995,0.15,2.1258747091532184,5.5048846435416e-5,TRUE
"Homarine 0(15N, 0(13C)",230831_Smp_G5_NFEX_T12_NO3_Metab_B,0.04207069548762331,T12,HILIC positive,50,15.2,0.995,0.15,2.103534774381165,5.5048846435416e-5,TRUE
"Homarine 0(15N, 0(13C)",230831_Smp_G5_NFEX_T12_NO3_Metab_C,0.11277873958765422,T12,HILIC positive,50,15.2,0.995,0.15,5.638936979382711,5.5048846435416e-5,TRUE
"Homarine 0(15N, 0(13C)",230831_Smp_G5_NFEX_T12_Urea_Metab_A,0.07717079065297318,T12,HILIC positive,50,15.2,0.995,0.15,3.858539532648659,5.5048846435416e-5,TRUE
"Homarine 0(15N, 0(13C)",230831_Smp_G5_NFEX_T12_Urea_Metab_B,0.04102177777031972,T12,HILIC positive,50,15.2,0.995,0.15,2.051088888515986,5.5048846435416e-5,TRUE
"Homarine 0(15N, 0(13C)",230831_Smp_G5_NFEX_T12_Urea_Metab_C,0.09256975954451233,T12,HILIC positive,50,15.2,0.995,0.15,4.628487977225617,5.5048846435416e-5,TRUE
"Homarine 0(15N, 0(13C)",230831_Smp_G5_NFEX_T24_NH4_Metab_A,0.06151132495447661,T24,HILIC positive,50,15.2,0.995,0.15,3.0755662477238306,5.5048846435416e-5,TRUE
"Homarine 0(15N, 0(13C)",230831_Smp_G5_NFEX_T24_NH4_Metab_B,0.06390482116079585,T24,HILIC positive,50,15.2,0.995,0.15,3.1952410580397923,5.5048846435416e-5,TRUE
"Homarine 0(15N, 0(13C)",230831_Smp_G5_NFEX_T24_NH4_Metab_C,0.0601980913587399,T24,HILIC positive,50,15.2,0.995,0.15,3.009904567936995,5.5048846435416e-5,TRUE
"Homarine 0(15N, 0(13C)",230831_Smp_G5_NFEX_T24_NO3_Metab_A,0.02874467418339078,T24,HILIC positive,50,15.2,0.995,0.15,1.437233709169539,5.5048846435416e-5,TRUE
"Homarine 0(15N, 0(13C)",230831_Smp_G5_NFEX_T24_NO3_Metab_B,0.05276201524330578,T24,HILIC positive,50,15.2,0.995,0.15,2.638100762165289,5.5048846435416e-5,TRUE
"Homarine 0(15N, 0(13C)",230831_Smp_G5_NFEX_T24_NO3_Metab_C,0.06770060504169315,T24,HILIC positive,50,15.2,0.995,0.15,3.385030252084657,5.5048846435416e-5,TRUE
"Homarine 0(15N, 0(13C)",230831_Smp_G5_NFEX_T24_Urea_Metab_A,0.0647990539688943,T24,HILIC positive,50,15.2,0.995,0.15,3.2399526984447147,5.5048846435416e-5,TRUE
"Homarine 0(15N, 0(13C)",230831_Smp_G5_NFEX_T24_Urea_Metab_B,0.06558954214310295,T24,HILIC positive,50,15.2,0.995,0.15,3.2794771071551474,5.5048846435416e-5,TRUE
"Homarine 0(15N, 0(13C)",230831_Smp_G5_NFEX_T24_Urea_Metab_C,0.06752006871163747,T24,HILIC positive,50,15.2,0.995,0.15,3.3760034355818735,5.5048846435416e-5,TRUE
"Homarine 0(15N, 0(13C)",230831_Smp_G5_NFEX_T24_Urea_Metab_C_2ndInj,0.03093153867895691,T24,HILIC positive,50,15.2,0.995,0.15,1.5465769339478455,5.5048846435416e-5,TRUE
"Homarine 0(15N, 0(13C)",230831_Smp_LabBlk_1_A,0.00150446496514618,NA,HILIC positive,50,15.2,0.995,0.15,0.075223248257309,5.5048846435416e-5,TRUE
"Homarine 0(15N, 0(13C)",230831_Smp_LabBlk_1_B,0.00202571479497399,NA,HILIC positive,50,15.2,0.995,0.15,0.10128573974869949,5.5048846435416e-5,TRUE
"Homarine 0(15N, 0(13C)",230831_Smp_LabBlk_1_C,0.00620614116048085,NA,HILIC positive,50,15.2,0.995,0.15,0.3103070580240425,5.5048846435416e-5,TRUE
"Homarine 0(15N, 0(13C)",230831_Smp_LabBlk_1_C_2ndInj,0.00496326949340527,NA,HILIC positive,50,15.2,0.995,0.15,0.2481634746702635,5.5048846435416e-5,TRUE
"Homarine 0(15N, 0(13C)",230831_Smp_LabBlk_2_A,0.00193457098054874,NA,HILIC positive,50,15.2,0.995,0.15,0.096728549027437,5.5048846435416e-5,TRUE
"Homarine 0(15N, 0(13C)",230831_Smp_LabBlk_2_B,0.00163321140803204,NA,HILIC positive,50,15.2,0.995,0.15,0.081660570401602,5.5048846435416e-5,TRUE
"Homarine 0(15N, 0(13C)",230831_Smp_LabBlk_2_C,0.00143923837949561,NA,HILIC positive,50,15.2,0.995,0.15,0.0719619189747805,5.5048846435416e-5,TRUE
"Homarine 0(15N, 0(13C)",230831_Smp_LabBlk_3_A,0.00299031914305705,NA,HILIC positive,50,15.2,0.995,0.15,0.1495159571528525,5.5048846435416e-5,TRUE
"Homarine 0(15N, 0(13C)",230831_Smp_LabBlk_3_B,0.00137845167839833,NA,HILIC positive,50,15.2,0.995,0.15,0.0689225839199165,5.5048846435416e-5,TRUE
"Homarine 0(15N, 0(13C)",230831_Smp_LabBlk_3_C,6.161257584094301e-4,NA,HILIC positive,50,15.2,0.995,0.15,0.030806287920471506,5.5048846435416e-5,TRUE
"Homarine 0(15N, 0(13C)",230831_Smp_LabBlk_4_A,0.00154332603344223,NA,HILIC positive,50,15.2,0.995,0.15,0.0771663016721115,5.5048846435416e-5,TRUE
"Homarine 0(15N, 0(13C)",230831_Smp_LabBlk_4_B,0.00162445048625867,NA,HILIC positive,50,15.2,0.995,0.15,0.0812225243129335,5.5048846435416e-5,TRUE
"Homarine 0(15N, 0(13C)",230831_Smp_LabBlk_4_C,0.00122392546751175,NA,HILIC positive,50,15.2,0.995,0.15,0.0611962733755875,5.5048846435416e-5,TRUE
"Homarine 0(15N, 0(13C)",230831_Smp_LabBlk_5_A,6.004969967901272e-4,NA,HILIC positive,50,15.2,0.995,0.15,0.03002484983950636,5.5048846435416e-5,TRUE
"Homarine 0(15N, 0(13C)",230831_Smp_LabBlk_5_C,8.818203034479311e-4,NA,HILIC positive,50,15.2,0.995,0.15,0.04409101517239656,5.5048846435416e-5,TRUE
"L- Glutamine 0(15N), 0(13C)",230831_Std_4uMStdsMix1InH2O_1,3660.780375884648,NA,HILIC positive,131,16.8,0.988,0.024,479562.2292408889,0.002080190202671739,TRUE
"L- Glutamine 0(15N), 0(13C)",230831_Std_4uMStdsMix1InH2O_2,3778.440925200957,NA,HILIC positive,131,16.8,0.988,0.024,494975.76120132534,0.002080190202671739,TRUE
"L- Glutamine 0(15N), 0(13C)",230831_Std_4uMStdsMix1InH2O_3,38698.53056790863,NA,HILIC positive,131,16.8,0.988,0.024,5069507.504396031,0.002080190202671739,TRUE
"L- Glutamine 0(15N), 0(13C)",230831_Std_4uMStdsMix1InMatrix_1,72.06589921633754,NA,HILIC positive,131,16.8,0.988,0.024,9440.632797340219,0.002080190202671739,TRUE
"L- Glutamine 0(15N), 0(13C)",230831_Std_4uMStdsMix1InMatrix_2,96.95495112315577,NA,HILIC positive,131,16.8,0.988,0.024,12701.098597133405,0.002080190202671739,TRUE
"L- Glutamine 0(15N), 0(13C)",230831_Std_4uMStdsMix1InMatrix_3,0.13233813298346492,NA,HILIC positive,131,16.8,0.988,0.024,17.336295420833903,0.002080190202671739,TRUE
"L- Glutamine 0(15N), 0(13C)",230831_Std_4uMStdsMix2InH2O_1,232.29005153597691,NA,HILIC positive,131,16.8,0.988,0.024,30429.996751212977,0.002080190202671739,TRUE
"L- Glutamine 0(15N), 0(13C)",230831_Std_4uMStdsMix2InH2O_2,186.5286686198032,NA,HILIC positive,131,16.8,0.988,0.024,24435.255589194217,0.002080190202671739,TRUE
"L- Glutamine 0(15N), 0(13C)",230831_Std_4uMStdsMix2InH2O_3,56.31991217782521,NA,HILIC positive,131,16.8,0.988,0.024,7377.9084952951025,0.002080190202671739,TRUE
"L- Glutamine 0(15N), 0(13C)",230831_Std_4uMStdsMix2InMatrix_1,0.10237988189364527,NA,HILIC positive,131,16.8,0.988,0.024,13.41176452806753,0.002080190202671739,TRUE
"L- Glutamine 0(15N), 0(13C)",230831_Std_4uMStdsMix2InMatrix_2,0.03047545149583294,NA,HILIC positive,131,16.8,0.988,0.024,3.992284145954115,0.002080190202671739,TRUE
"L- Glutamine 0(15N), 0(13C)",230831_Std_4uMStdsMix2InMatrix_3,0.02395353891311468,NA,HILIC positive,131,16.8,0.988,0.024,3.1379135976180232,0.002080190202671739,TRUE
"L- Glutamine 0(15N), 0(13C)",230831_Std_H2OinMatrix_1,0.5240914303093411,NA,HILIC positive,131,16.8,0.988,0.024,68.65597737052369,0.002080190202671739,TRUE
"L- Glutamine 0(15N), 0(13C)",230831_Std_H2OinMatrix_2,0.06530816847187651,NA,HILIC positive,131,16.8,0.988,0.024,8.555370069815822,0.002080190202671739,TRUE
"L- Glutamine 0(15N), 0(13C)",230831_Std_H2OinMatrix_3,0.06185363442995194,NA,HILIC positive,131,16.8,0.988,0.024,8.102826110323704,0.002080190202671739,TRUE
"L- Glutamine 0(15N), 0(13C)",230831_Poo_G5_NFEX-CatEx_Full1,0.3857787661900128,NA,HILIC positive,131,16.8,0.988,0.024,50.53701837089167,0.002080190202671739,TRUE
"L- Glutamine 0(15N), 0(13C)",230831_Poo_G5_NFEX-CatEx_Full2,0.4050244401173243,NA,HILIC positive,131,16.8,0.988,0.024,53.05820165536949,0.002080190202671739,TRUE
"L- Glutamine 0(15N), 0(13C)",230831_Poo_G5_NFEX-CatEx_Full3,0.05983027593533297,NA,HILIC positive,131,16.8,0.988,0.024,7.83776614752862,0.002080190202671739,TRUE
"L- Glutamine 0(15N), 0(13C)",230831_Poo_G5_NFEX-CatEx_Full4,0.383153633939087,NA,HILIC positive,131,16.8,0.988,0.024,50.1931260460204,0.002080190202671739,TRUE
"L- Glutamine 0(15N), 0(13C)",230831_Poo_G5_NFEX-CatEx_Full5,0.43311793787002256,NA,HILIC positive,131,16.8,0.988,0.024,56.738449860972956,0.002080190202671739,TRUE
"L- Glutamine 0(15N), 0(13C)",230831_Poo_G5_NFEX-CatEx_Full6,0.04126587948123067,NA,HILIC positive,131,16.8,0.988,0.024,5.405830212041218,0.002080190202671739,TRUE
"L- Glutamine 0(15N), 0(13C)",230831_Poo_G5_NFEX-CatEx_Full7,0.1391971273529745,NA,HILIC positive,131,16.8,0.988,0.024,18.234823683239657,0.002080190202671739,TRUE
"L- Glutamine 0(15N), 0(13C)",230831_Poo_G5_NFEX-CatEx_Full8,0.01566750821257833,NA,HILIC positive,131,16.8,0.988,0.024,2.0524435758477613,0.002080190202671739,TRUE
"L- Glutamine 0(15N), 0(13C)",230831_Poo_G5_NFEX-CatEx_Full9,0.0418229172431553,NA,HILIC positive,131,16.8,0.988,0.024,5.478802158853345,0.002080190202671739,TRUE
"L- Glutamine 0(15N), 0(13C)",230831_Poo_G5_NFEX-CatEx_Full10,0.02410277785417384,NA,HILIC positive,131,16.8,0.988,0.024,3.1574638988967734,0.002080190202671739,TRUE
"L- Glutamine 0(15N), 0(13C)",230831_Poo_G5_NFEX-CatEx_Full11,0.14470167427501843,NA,HILIC positive,131,16.8,0.988,0.024,18.955919330027413,0.002080190202671739,TRUE
"L- Glutamine 0(15N), 0(13C)",230831_Smp_G5_NFEX_T0_Metab_A,0.5094728132274436,T0,HILIC positive,131,16.8,0.988,0.024,66.74093853279511,0.002080190202671739,TRUE
"L- Glutamine 0(15N), 0(13C)",230831_Smp_G5_NFEX_T0_Metab_B,0.7564057300920303,T0,HILIC positive,131,16.8,0.988,0.024,99.08915064205597,0.002080190202671739,TRUE
"L- Glutamine 0(15N), 0(13C)",230831_Smp_G5_NFEX_T0_Metab_C,0.8397479902029965,T0,HILIC positive,131,16.8,0.988,0.024,110.00698671659254,0.002080190202671739,TRUE
"L- Glutamine 0(15N), 0(13C)",230831_Smp_G5_NFEX_T6_NH4_Metab_A,0.34124552758554566,T6,HILIC positive,131,16.8,0.988,0.024,44.70316411370648,0.002080190202671739,TRUE
"L- Glutamine 0(15N), 0(13C)",230831_Smp_G5_NFEX_T6_NH4_Metab_B,0.03173833508589721,T6,HILIC positive,131,16.8,0.988,0.024,4.157721896252535,0.002080190202671739,TRUE
"L- Glutamine 0(15N), 0(13C)",230831_Smp_G5_NFEX_T6_NH4_Metab_C,0.05449108999879048,T6,HILIC positive,131,16.8,0.988,0.024,7.138332789841553,0.002080190202671739,TRUE
"L- Glutamine 0(15N), 0(13C)",230831_Smp_G5_NFEX_T6_NO3_Metab_A,0.5715733885536618,T6,HILIC positive,131,16.8,0.988,0.024,74.8761139005297,0.002080190202671739,TRUE
"L- Glutamine 0(15N), 0(13C)",230831_Smp_G5_NFEX_T6_NO3_Metab_B,0.03267611396289382,T6,HILIC positive,131,16.8,0.988,0.024,4.28057092913909,0.002080190202671739,TRUE
"L- Glutamine 0(15N), 0(13C)",230831_Smp_G5_NFEX_T6_NO3_Metab_C,0.1113517547090141,T6,HILIC positive,131,16.8,0.988,0.024,14.587079866880847,0.002080190202671739,TRUE
"L- Glutamine 0(15N), 0(13C)",230831_Smp_G5_NFEX_T6_Urea_Metab_A,0.07530886820972409,T6,HILIC positive,131,16.8,0.988,0.024,9.865461735473856,0.002080190202671739,TRUE
"L- Glutamine 0(15N), 0(13C)",230831_Smp_G5_NFEX_T6_Urea_Metab_B,0.09839418930740816,T6,HILIC positive,131,16.8,0.988,0.024,12.88963879927047,0.002080190202671739,TRUE
"L- Glutamine 0(15N), 0(13C)",230831_Smp_G5_NFEX_T6_Urea_Metab_C,0.2737798000426748,T6,HILIC positive,131,16.8,0.988,0.024,35.8651538055904,0.002080190202671739,TRUE
"L- Glutamine 0(15N), 0(13C)",230831_Smp_G5_NFEX_T12_NH4_Metab_A,0.0401200687936949,T12,HILIC positive,131,16.8,0.988,0.024,5.255729011974032,0.002080190202671739,TRUE
"L- Glutamine 0(15N), 0(13C)",230831_Smp_G5_NFEX_T12_NH4_Metab_B,0.0157589729017355,T12,HILIC positive,131,16.8,0.988,0.024,2.0644254501273505,0.002080190202671739,TRUE
"L- Glutamine 0(15N), 0(13C)",230831_Smp_G5_NFEX_T12_NH4_Metab_C,0.05427530940708478,T12,HILIC positive,131,16.8,0.988,0.024,7.110065532328107,0.002080190202671739,TRUE
"L- Glutamine 0(15N), 0(13C)",230831_Smp_G5_NFEX_T12_NO3_Metab_A,0.13349250064232251,T12,HILIC positive,131,16.8,0.988,0.024,17.48751758414425,0.002080190202671739,TRUE
"L- Glutamine 0(15N), 0(13C)",230831_Smp_G5_NFEX_T12_NO3_Metab_B,0.04404702847838217,T12,HILIC positive,131,16.8,0.988,0.024,5.7701607306680645,0.002080190202671739,TRUE
"L- Glutamine 0(15N), 0(13C)",230831_Smp_G5_NFEX_T12_NO3_Metab_C,0.09549828777676464,T12,HILIC positive,131,16.8,0.988,0.024,12.510275698756168,0.002080190202671739,TRUE
"L- Glutamine 0(15N), 0(13C)",230831_Smp_G5_NFEX_T12_Urea_Metab_A,0.00748811265071704,T12,HILIC positive,131,16.8,0.988,0.024,0.9809427572439322,0.002080190202671739,TRUE
"L- Glutamine 0(15N), 0(13C)",230831_Smp_G5_NFEX_T12_Urea_Metab_B,0.28637920464194083,T12,HILIC positive,131,16.8,0.988,0.024,37.51567580809425,0.002080190202671739,TRUE
"L- Glutamine 0(15N), 0(13C)",230831_Smp_G5_NFEX_T12_Urea_Metab_C,0.23286915250663087,T12,HILIC positive,131,16.8,0.988,0.024,30.505858978368643,0.002080190202671739,TRUE
"L- Glutamine 0(15N), 0(13C)",230831_Smp_G5_NFEX_T24_NH4_Metab_A,0.09440034370594616,T24,HILIC positive,131,16.8,0.988,0.024,12.366445025478948,0.002080190202671739,TRUE
"L- Glutamine 0(15N), 0(13C)",230831_Smp_G5_NFEX_T24_NH4_Metab_B,0.06617455620561405,T24,HILIC positive,131,16.8,0.988,0.024,8.66886686293544,0.002080190202671739,TRUE
"L- Glutamine 0(15N), 0(13C)",230831_Smp_G5_NFEX_T24_NH4_Metab_C,0.0585213772144556,T24,HILIC positive,131,16.8,0.988,0.024,7.6663004150936835,0.002080190202671739,TRUE
"L- Glutamine 0(15N), 0(13C)",230831_Smp_G5_NFEX_T24_NO3_Metab_A,0.03434473592573419,T24,HILIC positive,131,16.8,0.988,0.024,4.499160406271179,0.002080190202671739,TRUE
"L- Glutamine 0(15N), 0(13C)",230831_Smp_G5_NFEX_T24_NO3_Metab_B,0.1596734865576997,T24,HILIC positive,131,16.8,0.988,0.024,20.91722673905866,0.002080190202671739,TRUE
"L- Glutamine 0(15N), 0(13C)",230831_Smp_G5_NFEX_T24_NO3_Metab_C,0.0938671129275574,T24,HILIC positive,131,16.8,0.988,0.024,12.296591793510018,0.002080190202671739,TRUE
"L- Glutamine 0(15N), 0(13C)",230831_Smp_G5_NFEX_T24_Urea_Metab_A,0.01299229572057918,T24,HILIC positive,131,16.8,0.988,0.024,1.7019907393958726,0.002080190202671739,TRUE
"L- Glutamine 0(15N), 0(13C)",230831_Smp_G5_NFEX_T24_Urea_Metab_B,0.15603481553596266,T24,HILIC positive,131,16.8,0.988,0.024,20.44056083521111,0.002080190202671739,TRUE
"L- Glutamine 0(15N), 0(13C)",230831_Smp_G5_NFEX_T24_Urea_Metab_C,0.01883834071225372,T24,HILIC positive,131,16.8,0.988,0.024,2.467822633305237,0.002080190202671739,TRUE
"L- Glutamine 0(15N), 0(13C)",230831_Smp_G5_NFEX_T24_Urea_Metab_C_2ndInj,0.08758475386041033,T24,HILIC positive,131,16.8,0.988,0.024,11.473602755713753,0.002080190202671739,TRUE
"L- Glutamine 0(15N), 0(13C)",230831_Smp_LabBlk_1_A,0.8851934649873056,NA,HILIC positive,131,16.8,0.988,0.024,115.96034391333703,0.002080190202671739,TRUE
"L- Glutamine 0(15N), 0(13C)",230831_Smp_LabBlk_1_B,0.1915869254259703,NA,HILIC positive,131,16.8,0.988,0.024,25.09788723080211,0.002080190202671739,TRUE
"L- Glutamine 0(15N), 0(13C)",230831_Smp_LabBlk_1_C,0.09194831911809796,NA,HILIC positive,131,16.8,0.988,0.024,12.045229804470834,0.002080190202671739,TRUE
"L- Glutamine 0(15N), 0(13C)",230831_Smp_LabBlk_1_C_2ndInj,0.06822530519161792,NA,HILIC positive,131,16.8,0.988,0.024,8.937514980101946,0.002080190202671739,TRUE
"L- Glutamine 0(15N), 0(13C)",230831_Smp_LabBlk_2_A,0.03671152396688052,NA,HILIC positive,131,16.8,0.988,0.024,4.809209639661349,0.002080190202671739,TRUE
"L- Glutamine 0(15N), 0(13C)",230831_Smp_LabBlk_2_B,0.11196094682435584,NA,HILIC positive,131,16.8,0.988,0.024,14.666884033990614,0.002080190202671739,TRUE
"L- Glutamine 0(15N), 0(13C)",230831_Smp_LabBlk_2_C,0.03817539694940983,NA,HILIC positive,131,16.8,0.988,0.024,5.0009770003726874,0.002080190202671739,TRUE
"L- Glutamine 0(15N), 0(13C)",230831_Smp_LabBlk_3_A,0.01675461698532829,NA,HILIC positive,131,16.8,0.988,0.024,2.1948548250780062,0.002080190202671739,TRUE
"L- Glutamine 0(15N), 0(13C)",230831_Smp_LabBlk_3_B,0.0564954661506346,NA,HILIC positive,131,16.8,0.988,0.024,7.400906065733133,0.002080190202671739,TRUE
"L- Glutamine 0(15N), 0(13C)",230831_Smp_LabBlk_3_C,0.3753238296716349,NA,HILIC positive,131,16.8,0.988,0.024,49.16742168698417,0.002080190202671739,TRUE
"L- Glutamine 0(15N), 0(13C)",230831_Smp_LabBlk_4_A,0.00487134922080557,NA,HILIC positive,131,16.8,0.988,0.024,0.6381467479255296,0.002080190202671739,TRUE
"L- Glutamine 0(15N), 0(13C)",230831_Smp_LabBlk_4_B,0.3905238635717318,NA,HILIC positive,131,16.8,0.988,0.024,51.158626127896866,0.002080190202671739,TRUE
"L- Glutamine 0(15N), 0(13C)",230831_Smp_LabBlk_4_C,0.02094698087162964,NA,HILIC positive,131,16.8,0.988,0.024,2.744054494183483,0.002080190202671739,TRUE
"L- Glutamine 0(15N), 0(13C)",230831_Smp_LabBlk_5_A,0.30978259461825547,NA,HILIC positive,131,16.8,0.988,0.024,40.581519894991466,0.002080190202671739,TRUE
"L- Glutamine 0(15N), 0(13C)",230831_Smp_LabBlk_5_B,0.05464102166267989,NA,HILIC positive,131,16.8,0.988,0.024,7.157973837811065,0.002080190202671739,TRUE
"L- Glutamine 0(15N), 0(13C)",230831_Smp_LabBlk_5_C,0.03157653736840908,NA,HILIC positive,131,16.8,0.988,0.024,4.13652639526159,0.002080190202671739,TRUE
"L-Glutamic acid 0(15N), 0(13C)",230831_Std_4uMStdsMix1InH2O_1,4012.6550137256254,NA,HILIC positive,53.7,22.4,0.85,2,215479.5742370661,0.03957909534606586,TRUE
"L-Glutamic acid 0(15N), 0(13C)",230831_Std_4uMStdsMix1InH2O_2,3536.0881669800224,NA,HILIC positive,53.7,22.4,0.85,2,189887.9345668272,0.03957909534606586,TRUE
"L-Glutamic acid 0(15N), 0(13C)",230831_Std_4uMStdsMix1InMatrix_1,78.42155705894234,NA,HILIC positive,53.7,22.4,0.85,2,4211.237614065204,0.03957909534606586,TRUE
"L-Glutamic acid 0(15N), 0(13C)",230831_Std_4uMStdsMix1InMatrix_2,93.21922979076196,NA,HILIC positive,53.7,22.4,0.85,2,5005.8726397639175,0.03957909534606586,TRUE
"L-Glutamic acid 0(15N), 0(13C)",230831_Std_4uMStdsMix1InMatrix_3,0.48770389835073585,NA,HILIC positive,53.7,22.4,0.85,2,26.189699341434515,0.03957909534606586,TRUE
"L-Glutamic acid 0(15N), 0(13C)",230831_Std_4uMStdsMix2InH2O_1,1485060.7299470734,NA,HILIC positive,53.7,22.4,0.85,2,79747761.19815785,0.03957909534606586,TRUE
"L-Glutamic acid 0(15N), 0(13C)",230831_Std_4uMStdsMix2InH2O_2,1298752.447579864,NA,HILIC positive,53.7,22.4,0.85,2,69743006.4350387,0.03957909534606586,TRUE
"L-Glutamic acid 0(15N), 0(13C)",230831_Std_4uMStdsMix2InH2O_3,617.8414751070756,NA,HILIC positive,53.7,22.4,0.85,2,33178.08721324996,0.03957909534606586,TRUE
"L-Glutamic acid 0(15N), 0(13C)",230831_Std_4uMStdsMix2InMatrix_1,154.66106691687017,NA,HILIC positive,53.7,22.4,0.85,2,8305.299293435928,0.03957909534606586,TRUE
"L-Glutamic acid 0(15N), 0(13C)",230831_Std_4uMStdsMix2InMatrix_2,166.6468658220885,NA,HILIC positive,53.7,22.4,0.85,2,8948.936694646152,0.03957909534606586,TRUE
"L-Glutamic acid 0(15N), 0(13C)",230831_Std_4uMStdsMix2InMatrix_3,0.01133190044987671,NA,HILIC positive,53.7,22.4,0.85,2,0.6085230541583794,0.03957909534606586,TRUE
"L-Glutamic acid 0(15N), 0(13C)",230831_Std_H2OinMatrix_1,2.424614198693892,NA,HILIC positive,53.7,22.4,0.85,2,130.201782469862,0.03957909534606586,TRUE
"L-Glutamic acid 0(15N), 0(13C)",230831_Std_H2OinMatrix_2,1.7241486125420569,NA,HILIC positive,53.7,22.4,0.85,2,92.58678049350846,0.03957909534606586,TRUE
"L-Glutamic acid 0(15N), 0(13C)",230831_Std_H2OinMatrix_3,0.5891524505484974,NA,HILIC positive,53.7,22.4,0.85,2,31.637486594454312,0.03957909534606586,TRUE
"L-Glutamic acid 0(15N), 0(13C)",230831_Poo_G5_NFEX-CatEx_Full1,1.1261253585071131,NA,HILIC positive,53.7,22.4,0.85,2,60.47293175183198,0.03957909534606586,TRUE
"L-Glutamic acid 0(15N), 0(13C)",230831_Poo_G5_NFEX-CatEx_Full2,1.328633019333797,NA,HILIC positive,53.7,22.4,0.85,2,71.3475931382249,0.03957909534606586,TRUE
"L-Glutamic acid 0(15N), 0(13C)",230831_Poo_G5_NFEX-CatEx_Full3,1.4946724827356468,NA,HILIC positive,53.7,22.4,0.85,2,80.26391232290423,0.03957909534606586,TRUE
"L-Glutamic acid 0(15N), 0(13C)",230831_Poo_G5_NFEX-CatEx_Full4,2.1020185532338207,NA,HILIC positive,53.7,22.4,0.85,2,112.87839630865618,0.03957909534606586,TRUE
"L-Glutamic acid 0(15N), 0(13C)",230831_Poo_G5_NFEX-CatEx_Full5,0.39722993681961966,NA,HILIC positive,53.7,22.4,0.85,2,21.331247607213577,0.03957909534606586,TRUE
"L-Glutamic acid 0(15N), 0(13C)",230831_Poo_G5_NFEX-CatEx_Full6,0.44829078820185375,NA,HILIC positive,53.7,22.4,0.85,2,24.07321532643955,0.03957909534606586,TRUE
"L-Glutamic acid 0(15N), 0(13C)",230831_Poo_G5_NFEX-CatEx_Full7,3.0697417852383904,NA,HILIC positive,53.7,22.4,0.85,2,164.84513386730157,0.03957909534606586,TRUE
"L-Glutamic acid 0(15N), 0(13C)",230831_Poo_G5_NFEX-CatEx_Full8,2.3708816684178164,NA,HILIC positive,53.7,22.4,0.85,2,127.31634559403675,0.03957909534606586,TRUE
"L-Glutamic acid 0(15N), 0(13C)",230831_Poo_G5_NFEX-CatEx_Full9,2.3560483579806393,NA,HILIC positive,53.7,22.4,0.85,2,126.51979682356034,0.03957909534606586,TRUE
"L-Glutamic acid 0(15N), 0(13C)",230831_Poo_G5_NFEX-CatEx_Full10,2.489296752942717,NA,HILIC positive,53.7,22.4,0.85,2,133.6752356330239,0.03957909534606586,TRUE
"L-Glutamic acid 0(15N), 0(13C)",230831_Poo_G5_NFEX-CatEx_Full11,0.06577699264787862,NA,HILIC positive,53.7,22.4,0.85,2,3.532224505191082,0.03957909534606586,TRUE
"L-Glutamic acid 0(15N), 0(13C)",230831_Smp_G5_NFEX_T0_Metab_A,1.9476909141299583,T0,HILIC positive,53.7,22.4,0.85,2,104.59100208877877,0.03957909534606586,TRUE
"L-Glutamic acid 0(15N), 0(13C)",230831_Smp_G5_NFEX_T0_Metab_B,4.0836465837450495,T0,HILIC positive,53.7,22.4,0.85,2,219.29182154710918,0.03957909534606586,TRUE
"L-Glutamic acid 0(15N), 0(13C)",230831_Smp_G5_NFEX_T0_Metab_C,4.096511516065096,T0,HILIC positive,53.7,22.4,0.85,2,219.98266841269566,0.03957909534606586,TRUE
"L-Glutamic acid 0(15N), 0(13C)",230831_Smp_G5_NFEX_T6_NH4_Metab_A,1.4639176314540223,T6,HILIC positive,53.7,22.4,0.85,2,78.612376809081,0.03957909534606586,TRUE
"L-Glutamic acid 0(15N), 0(13C)",230831_Smp_G5_NFEX_T6_NH4_Metab_B,3.0607012872000188,T6,HILIC positive,53.7,22.4,0.85,2,164.359659122641,0.03957909534606586,TRUE
"L-Glutamic acid 0(15N), 0(13C)",230831_Smp_G5_NFEX_T6_NH4_Metab_C,3.8439841467636526,T6,HILIC positive,53.7,22.4,0.85,2,206.42194868120816,0.03957909534606586,TRUE
"L-Glutamic acid 0(15N), 0(13C)",230831_Smp_G5_NFEX_T6_NO3_Metab_A,2.335024642953918,T6,HILIC positive,53.7,22.4,0.85,2,125.3908233266254,0.03957909534606586,TRUE
"L-Glutamic acid 0(15N), 0(13C)",230831_Smp_G5_NFEX_T6_NO3_Metab_B,2.827012575944205,T6,HILIC positive,53.7,22.4,0.85,2,151.8105753282038,0.03957909534606586,TRUE
"L-Glutamic acid 0(15N), 0(13C)",230831_Smp_G5_NFEX_T6_NO3_Metab_C,5.549146689157859,T6,HILIC positive,53.7,22.4,0.85,2,297.98917720777706,0.03957909534606586,TRUE
"L-Glutamic acid 0(15N), 0(13C)",230831_Smp_G5_NFEX_T6_Urea_Metab_A,2.5199732792405003,T6,HILIC positive,53.7,22.4,0.85,2,135.32256509521488,0.03957909534606586,TRUE
"L-Glutamic acid 0(15N), 0(13C)",230831_Smp_G5_NFEX_T6_Urea_Metab_B,5.598132314021894,T6,HILIC positive,53.7,22.4,0.85,2,300.61970526297574,0.03957909534606586,TRUE
"L-Glutamic acid 0(15N), 0(13C)",230831_Smp_G5_NFEX_T6_Urea_Metab_C,2.4183086183445575,T6,HILIC positive,53.7,22.4,0.85,2,129.86317280510275,0.03957909534606586,TRUE
"L-Glutamic acid 0(15N), 0(13C)",230831_Smp_G5_NFEX_T12_NH4_Metab_A,1.4405955418980727,T12,HILIC positive,53.7,22.4,0.85,2,77.3599805999265,0.03957909534606586,TRUE
"L-Glutamic acid 0(15N), 0(13C)",230831_Smp_G5_NFEX_T12_NH4_Metab_B,3.072602950367275,T12,HILIC positive,53.7,22.4,0.85,2,164.99877843472268,0.03957909534606586,TRUE
"L-Glutamic acid 0(15N), 0(13C)",230831_Smp_G5_NFEX_T12_NH4_Metab_C,1.9566643113303068,T12,HILIC positive,53.7,22.4,0.85,2,105.07287351843748,0.03957909534606586,TRUE
"L-Glutamic acid 0(15N), 0(13C)",230831_Smp_G5_NFEX_T12_NO3_Metab_A,5.049936709235222,T12,HILIC positive,53.7,22.4,0.85,2,271.18160128593144,0.03957909534606586,TRUE
"L-Glutamic acid 0(15N), 0(13C)",230831_Smp_G5_NFEX_T12_NO3_Metab_B,1.5329373033145752,T12,HILIC positive,53.7,22.4,0.85,2,82.31873318799269,0.03957909534606586,TRUE
"L-Glutamic acid 0(15N), 0(13C)",230831_Smp_G5_NFEX_T12_NO3_Metab_C,4.33328030021649,T12,HILIC positive,53.7,22.4,0.85,2,232.69715212162552,0.03957909534606586,TRUE
"L-Glutamic acid 0(15N), 0(13C)",230831_Smp_G5_NFEX_T12_Urea_Metab_A,3.960721810072864,T12,HILIC positive,53.7,22.4,0.85,2,212.6907612009128,0.03957909534606586,TRUE
"L-Glutamic acid 0(15N), 0(13C)",230831_Smp_G5_NFEX_T12_Urea_Metab_B,0.9327583272293196,T12,HILIC positive,53.7,22.4,0.85,2,50.089122172214466,0.03957909534606586,TRUE
"L-Glutamic acid 0(15N), 0(13C)",230831_Smp_G5_NFEX_T12_Urea_Metab_C,2.710056421309033,T12,HILIC positive,53.7,22.4,0.85,2,145.53002982429507,0.03957909534606586,TRUE
"L-Glutamic acid 0(15N), 0(13C)",230831_Smp_G5_NFEX_T24_NH4_Metab_A,2.0588677641950937,T24,HILIC positive,53.7,22.4,0.85,2,110.56119893727653,0.03957909534606586,TRUE
"L-Glutamic acid 0(15N), 0(13C)",230831_Smp_G5_NFEX_T24_NH4_Metab_B,2.4704715574336777,T24,HILIC positive,53.7,22.4,0.85,2,132.6643226341885,0.03957909534606586,TRUE
"L-Glutamic acid 0(15N), 0(13C)",230831_Smp_G5_NFEX_T24_NH4_Metab_C,1.5903497568471148,T24,HILIC positive,53.7,22.4,0.85,2,85.40178194269006,0.03957909534606586,TRUE
"L-Glutamic acid 0(15N), 0(13C)",230831_Smp_G5_NFEX_T24_NO3_Metab_A,0.7438960838076841,T24,HILIC positive,53.7,22.4,0.85,2,39.94721970047264,0.03957909534606586,TRUE
"L-Glutamic acid 0(15N), 0(13C)",230831_Smp_G5_NFEX_T24_NO3_Metab_B,7.669944127435328,T24,HILIC positive,53.7,22.4,0.85,2,411.87599964327717,0.03957909534606586,TRUE
"L-Glutamic acid 0(15N), 0(13C)",230831_Smp_G5_NFEX_T24_NO3_Metab_C,2.8111202152805914,T24,HILIC positive,53.7,22.4,0.85,2,150.95715556056777,0.03957909534606586,TRUE
"L-Glutamic acid 0(15N), 0(13C)",230831_Smp_G5_NFEX_T24_Urea_Metab_B,5.230781665905206,T24,HILIC positive,53.7,22.4,0.85,2,280.89297545910955,0.03957909534606586,TRUE
"L-Glutamic acid 0(15N), 0(13C)",230831_Smp_G5_NFEX_T24_Urea_Metab_C,11.736656665860352,T24,HILIC positive,53.7,22.4,0.85,2,630.2584629567009,0.03957909534606586,TRUE
"L-Glutamic acid 0(15N), 0(13C)",230831_Smp_G5_NFEX_T24_Urea_Metab_C_2ndInj,0.3057552697221608,T24,HILIC positive,53.7,22.4,0.85,2,16.419057984080037,0.03957909534606586,TRUE
"L-Glutamic acid 0(15N), 0(13C)",230831_Smp_LabBlk_1_A,2.1899351679864916,NA,HILIC positive,53.7,22.4,0.85,2,117.5995185208746,0.03957909534606586,TRUE
"L-Glutamic acid 0(15N), 0(13C)",230831_Smp_LabBlk_1_B,2.304188011605551,NA,HILIC positive,53.7,22.4,0.85,2,123.7348962232181,0.03957909534606586,TRUE
"L-Glutamic acid 0(15N), 0(13C)",230831_Smp_LabBlk_1_C,4.391131823106979,NA,HILIC positive,53.7,22.4,0.85,2,235.80377890084478,0.03957909534606586,TRUE
"L-Glutamic acid 0(15N), 0(13C)",230831_Smp_LabBlk_1_C_2ndInj,0.2586273121614488,NA,HILIC positive,53.7,22.4,0.85,2,13.8882866630698,0.03957909534606586,TRUE
"L-Glutamic acid 0(15N), 0(13C)",230831_Smp_LabBlk_2_A,2.1100442508112107,NA,HILIC positive,53.7,22.4,0.85,2,113.30937626856202,0.03957909534606586,TRUE
"L-Glutamic acid 0(15N), 0(13C)",230831_Smp_LabBlk_2_B,1.3838028063347585,NA,HILIC positive,53.7,22.4,0.85,2,74.31021070017654,0.03957909534606586,TRUE
"L-Glutamic acid 0(15N), 0(13C)",230831_Smp_LabBlk_2_C,1.4471125861400396,NA,HILIC positive,53.7,22.4,0.85,2,77.70994587572012,0.03957909534606586,TRUE
"L-Glutamic acid 0(15N), 0(13C)",230831_Smp_LabBlk_3_A,0.06768429903049814,NA,HILIC positive,53.7,22.4,0.85,2,3.63464685793775,0.03957909534606586,TRUE
"L-Glutamic acid 0(15N), 0(13C)",230831_Smp_LabBlk_3_B,1.7899024723237802,NA,HILIC positive,53.7,22.4,0.85,2,96.117762763787,0.03957909534606586,TRUE
"L-Glutamic acid 0(15N), 0(13C)",230831_Smp_LabBlk_3_C,1.8965422417047224,NA,HILIC positive,53.7,22.4,0.85,2,101.8443183795436,0.03957909534606586,TRUE
"L-Glutamic acid 0(15N), 0(13C)",230831_Smp_LabBlk_4_A,1.199715883518499,NA,HILIC positive,53.7,22.4,0.85,2,64.42474294494339,0.03957909534606586,TRUE
"L-Glutamic acid 0(15N), 0(13C)",230831_Smp_LabBlk_4_B,0.8787941046939675,NA,HILIC positive,53.7,22.4,0.85,2,47.19124342206606,0.03957909534606586,TRUE
"L-Glutamic acid 0(15N), 0(13C)",230831_Smp_LabBlk_4_C,2.9916181965066913,NA,HILIC positive,53.7,22.4,0.85,2,160.64989715240932,0.03957909534606586,TRUE
"L-Glutamic acid 0(15N), 0(13C)",230831_Smp_LabBlk_5_A,1.5898230616700708,NA,HILIC positive,53.7,22.4,0.85,2,85.3734984116828,0.03957909534606586,TRUE
"L-Glutamic acid 0(15N), 0(13C)",230831_Smp_LabBlk_5_B,0.32764060010124413,NA,HILIC positive,53.7,22.4,0.85,2,17.59430022543681,0.03957909534606586,TRUE
"L-Glutamic acid 0(15N), 0(13C)",230831_Smp_LabBlk_5_C,1.3139429370851383,NA,HILIC positive,53.7,22.4,0.85,2,70.55873572147193,0.03957909534606586,TRUE
